SNP,miss_prop
V2,0.18
V3,0.83
V4,0.26
V5,0.18
V6,0.09
V7,0.27
V8,0.39
V9,0.4
V10,0.16
V11,0.36
V12,0.21
V13,0.33
V14,0.26
V15,0.87
V16,0.02
V17,0.38
V18,0.31
V19,0.36
V20,0.07
V21,0.25
V22,0.42
V23,0.02
V24,0.05
V25,0.95
V26,0.33
V27,0.13
V28,0.32
V29,0.21
V30,0.82
V31,0.25
V32,0.31
V33,0.38
V34,0.32
V35,0.2
V36,0.29
V37,0.24
V38,0.36
V39,0.15
V40,0.34
V41,0.81
V42,0.39
V43,0.33
V44,0.39
V45,0.15
V46,0.05
V47,0.36
V48,0.35
V49,0.28
V50,0.86
V51,0.25
V52,0.37
V53,0.33
V54,0.99
V55,0.36
V56,0.3
V57,0.92
V58,0.34
V59,0.37
V60,0.09
V61,0.36
V62,0.31
V63,0.26
V64,0.29
V65,0.33
V66,0.19
V67,0.21
V68,0.39
V69,0.92
V70,0.34
V71,0.35
V72,0.02
V73,0.37
V74,0.28
V75,0.34
V76,0.24
V77,0.36
V78,0.35
V79,0.23
V80,0.12
V81,0.38
V82,0.04
V83,0.2
V84,0.26
V85,0.17
V86,0.27
V87,0.4
V88,0.35
V89,0.3
V90,0.28
V91,0.39
V92,0.19
V93,0.23
V94,0.09
V95,0.05
V96,0.86
V97,0.37
V98,0.13
V99,0.01
V100,0.08
V101,0.39
V102,0.08
V103,0.1
V104,0.19
V105,0.37
V106,0.13
V107,0.85
V108,0.09
V109,0.37
V110,0.36
V111,0.04
V112,0.37
V113,0.15
V114,0.03
V115,0.26
V116,0.39
V117,0.22
V118,0.08
V119,0.37
V120,0.29
V121,0.38
V122,0.2
V123,0.27
V124,0.15
V125,0.35
V126,0.38
V127,0.26
V128,0.37
V129,0.96
V130,0.16
V131,0.07
V132,0.19
V133,0.79
V134,0.83
V135,0.33
V136,0.37
V137,0.26
V138,0.29
V139,0.36
V140,0.35
V141,0.34
V142,0.24
V143,0.19
V144,0.18
V145,0.22
V146,0.36
V147,0.81
V148,0.32
V149,0.36
V150,0.37
V151,0.35
V152,0.34
V153,0.07
V154,0.09
V155,0.83
V156,0.34
V157,0.31
V158,0.97
V159,0.38
V160,0.4
V161,0.36
V162,0.12
V163,0.36
V164,0.4
V165,0.82
V166,0.26
V167,0.23
V168,0.33
V169,0.26
V170,0.32
V171,0.2
V172,0.31
V173,0.23
V174,0.81
V175,0.23
V176,0.06
V177,0.32
V178,0.8
V179,0.83
V180,0.32
V181,0.39
V182,0.23
V183,0.04
V184,0.37
V185,0.4
V186,0.22
V187,0.79
V188,0.32
V189,0.26
V190,0.09
V191,0.35
V192,0.22
V193,0.37
V194,0.31
V195,0.31
V196,0.21
V197,0.16
V198,0.87
V199,0.37
V200,0.31
V201,0.83
V202,0.4
V203,0.41
V204,0.32
V205,0.29
V206,0.2
V207,0.13
V208,0.04
V209,0.15
V210,0.39
V211,0.81
V212,0.23
V213,0.29
V214,0.32
V215,0.16
V216,0.08
V217,0.17
V218,0.38
V219,0.36
V220,0.28
V221,0.39
V222,0.79
V223,0.28
V224,0.3
V225,0.3
V226,0.07
V227,0.04
V228,0.23
V229,0.8
V230,0.26
V231,0.04
V232,0.32
V233,0.31
V234,0.08
V235,0.82
V236,0.4
V237,0.83
V238,0.16
V239,0.39
V240,0.39
V241,0.13
V242,0.32
V243,0.37
V244,0.38
V245,0.17
V246,0.21
V247,0.37
V248,0.26
V249,0.21
V250,0.02
V251,0.4
V252,0.15
V253,0.17
V254,0.25
V255,0.33
V256,0.27
V257,0.32
V258,0.28
V259,0.4
V260,0.13
V261,0.34
V262,0.38
V263,0.25
V264,0.31
V265,0.36
V266,0.84
V267,0.2
V268,0.39
V269,0.21
V270,0.11
V271,0.15
V272,0.63
V273,0.39
V274,0.33
V275,0.25
V276,0.34
V277,0.18
V278,0.04
V279,0.39
V280,0.01
V281,0.4
V282,0.04
V283,0.8
V284,0.03
V285,0.02
V286,0.32
V287,0.25
V288,0.29
V289,0.15
V290,0.29
V291,0.18
V292,0.18
V293,0.15
V294,0.31
V295,0.37
V296,0.39
V297,0.31
V298,0.31
V299,0.3
V300,0.35
V301,0.27
V302,0.25
V303,0.29
V304,0.22
V305,0.21
V306,0.3
V307,0.34
V308,0.34
V309,0.31
V310,0.85
V311,0.79
V312,0.38
V313,0.3
V314,0.25
V315,0.37
V316,0
V317,0.4
V318,0.3
V319,0.25
V320,0.22
V321,0.14
V322,0.82
V323,0.36
V324,0.4
V325,0.37
V326,0.4
V327,0.05
V328,0.12
V329,0.1
V330,0.18
V331,0.37
V332,0.24
V333,0.13
V334,0.33
V335,0.35
V336,0.13
V337,0.3
V338,0.32
V339,0.39
V340,0.36
V341,0.37
V342,0.18
V343,0.21
V344,0.26
V345,0.21
V346,0.08
V347,0.03
V348,0.17
V349,0.21
V350,0.25
V351,0.36
V352,0.07
V353,0.33
V354,0.41
V355,0.19
V356,0.17
V357,0.2
V358,0.35
V359,0.04
V360,0.82
V361,0.36
V362,0.84
V363,0.12
V364,0.32
V365,0.04
V366,0.28
V367,0.38
V368,0.3
V369,0.15
V370,0.17
V371,0.31
V372,0.2
V373,0.31
V374,0.39
V375,0.49
V376,0.29
V377,0.24
V378,0.35
V379,0.29
V380,0.28
V381,0.95
V382,0.37
V383,0.34
V384,0.38
V385,0.86
V386,0.29
V387,0.28
V388,0.39
V389,0.37
V390,0.38
V391,0.35
V392,0.12
V393,0.35
V394,0.39
V395,0.82
V396,0.37
V397,0.33
V398,0.3
V399,0.06
V400,0.26
V401,0.37
V402,0.39
V403,0.4
V404,0.97
V405,0.29
V406,0.22
V407,0.34
V408,0.34
V409,0.3
V410,0.35
V411,0.15
V412,0.17
V413,0.81
V414,0.2
V415,0.83
V416,0.39
V417,0.36
V418,0.39
V419,0.79
V420,0.39
V421,0.31
V422,0.26
V423,0.22
V424,0.29
V425,0.13
V426,0.36
V427,0.22
V428,0.19
V429,0.25
V430,0.34
V431,0.33
V432,0.35
V433,0.19
V434,0.03
V435,0.24
V436,0.39
V437,0.86
V438,0.39
V439,0.26
V440,0.21
V441,0.82
V442,0.24
V443,0.23
V444,0.33
V445,0.4
V446,0.27
V447,0.16
V448,0.22
V449,0.14
V450,0.98
V451,0.29
V452,0.91
V453,0.4
V454,0.29
V455,0.38
V456,0.61
V457,0.06
V458,0.4
V459,0.07
V460,0.12
V461,0.38
V462,0.29
V463,0.4
V464,0.26
V465,0.13
V466,0.12
V467,0.35
V468,0.28
V469,0.04
V470,0.24
V471,0.4
V472,0.53
V473,0.18
V474,0.36
V475,0.37
V476,0.25
V477,0.25
V478,0.35
V479,0.02
V480,0.4
V481,0.36
V482,0.3
V483,0.14
V484,0.32
V485,0.83
V486,0.32
V487,0.39
V488,0.84
V489,0.47
V490,0.99
V491,0.31
V492,0.31
V493,0.89
V494,0.2
V495,0.07
V496,0.15
V497,0.79
V498,0.78
V499,0.76
V500,0.15
V501,0.1
V502,0.33
V503,0.37
V504,0.37
V505,0.28
V506,0.04
V507,0.02
V508,0.28
V509,0.35
V510,0.33
V511,0.34
V512,0.25
V513,0.06
V514,0.23
V515,0.81
V516,0.09
V517,0.13
V518,0.24
V519,0.39
V520,0.28
V521,0.39
V522,0.4
V523,0.39
V524,0.8
V525,0.02
V526,0.83
V527,0.3
V528,0.36
V529,0.08
V530,0.37
V531,0.2
V532,0.3
V533,0.25
V534,0.36
V535,0.2
V536,0.8
V537,0.37
V538,0.29
V539,0.4
V540,0.22
V541,0.27
V542,0.06
V543,0.19
V544,0.32
V545,0.16
V546,0.32
V547,0.11
V548,0.82
V549,0.09
V550,0.25
V551,0.33
V552,0.31
V553,0.82
V554,0.03
V555,0.18
V556,0.28
V557,0.31
V558,0.34
V559,0.28
V560,0.08
V561,0.2
V562,0.05
V563,0.89
V564,0.6
V565,0.19
V566,0.22
V567,0.09
V568,0.33
V569,0.21
V570,0.39
V571,0.06
V572,0.08
V573,0.16
V574,0.3
V575,0.34
V576,0.15
V577,0.34
V578,0.84
V579,0.4
V580,0.45
V581,0.35
V582,0
V583,0.81
V584,0.15
V585,0.39
V586,0.37
V587,0.32
V588,0.79
V589,0.14
V590,0.4
V591,0.35
V592,0.19
V593,0.3
V594,0.35
V595,0.3
V596,0.3
V597,0.38
V598,0.06
V599,0.29
V600,0.38
V601,0.35
V602,0.38
V603,0.36
V604,0.4
V605,0.22
V606,0.82
V607,0.81
V608,0.3
V609,0.38
V610,0.32
V611,0.21
V612,0.96
V613,0.32
V614,0.17
V615,0.22
V616,0.26
V617,0.36
V618,0.79
V619,0.4
V620,0.19
V621,0.39
V622,0.34
V623,0.21
V624,0.3
V625,0.26
V626,0.27
V627,0.06
V628,0.33
V629,0.2
V630,0.36
V631,0.33
V632,0.21
V633,0.05
V634,0.3
V635,0.37
V636,0.37
V637,0.98
V638,0.18
V639,0.8
V640,0.05
V641,0.92
V642,0.35
V643,0.39
V644,0.35
V645,0.35
V646,0.4
V647,0.19
V648,0.16
V649,0.21
V650,0.35
V651,0.37
V652,0.35
V653,0.08
V654,0.16
V655,0.33
V656,0.28
V657,0.28
V658,0.16
V659,0.28
V660,0.06
V661,0.3
V662,0.34
V663,0.11
V664,0.19
V665,0.14
V666,0.15
V667,0.07
V668,0.34
V669,0.15
V670,0.33
V671,0.37
V672,0.11
V673,0.09
V674,0.25
V675,0.22
V676,0.35
V677,0.36
V678,0.38
V679,0.26
V680,0.1
V681,0.06
V682,0.38
V683,0.04
V684,0.02
V685,0.19
V686,0.16
V687,0.84
V688,0.39
V689,0.4
V690,0.28
V691,0.39
V692,0.09
V693,0.38
V694,0.38
V695,0.39
V696,0.33
V697,0.25
V698,0.26
V699,0.16
V700,0.25
V701,0.39
V702,0.39
V703,0.12
V704,0.38
V705,0.28
V706,0.36
V707,0.35
V708,0.17
V709,0.76
V710,0.88
V711,0.36
V712,0.4
V713,0.38
V714,0.36
V715,0.85
V716,0.4
V717,0.4
V718,0.15
V719,0.39
V720,0.12
V721,0.19
V722,0.31
V723,0.15
V724,0.09
V725,0.39
V726,0.4
V727,0.02
V728,0.3
V729,0.1
V730,0.35
V731,0.26
V732,0.34
V733,0.32
V734,0.21
V735,0.32
V736,0.23
V737,0.32
V738,0.8
V739,0.22
V740,0.38
V741,0.12
V742,0.79
V743,0.2
V744,0.39
V745,0.07
V746,0.32
V747,0.35
V748,0.38
V749,0.19
V750,0.2
V751,0.29
V752,0.07
V753,0.99
V754,0.16
V755,0.37
V756,0.21
V757,0.26
V758,0.34
V759,0.4
V760,0.11
V761,0.14
V762,0.37
V763,0.23
V764,0.4
V765,0.33
V766,0.39
V767,0.2
V768,0.3
V769,0.4
V770,0.39
V771,0.11
V772,0.96
V773,0.25
V774,0.22
V775,0.11
V776,0.82
V777,0.18
V778,0.36
V779,0.18
V780,0.37
V781,0.13
V782,0.09
V783,0.38
V784,0.33
V785,0.42
V786,0.22
V787,0.81
V788,0.32
V789,0.8
V790,0.33
V791,0.32
V792,0.28
V793,0.15
V794,0.37
V795,0.24
V796,0.26
V797,0.4
V798,0.36
V799,0.23
V800,0.33
V801,0.27
V802,0.39
V803,0.67
V804,0.13
V805,0.03
V806,0.4
V807,0.36
V808,0.03
V809,0.29
V810,0.09
V811,0.29
V812,0.35
V813,0.17
V814,0.26
V815,0.36
V816,0.35
V817,0.15
V818,0.14
V819,0.02
V820,0.22
V821,0.19
V822,0.4
V823,0.33
V824,0.08
V825,0.27
V826,0.4
V827,0.12
V828,0.31
V829,0.04
V830,0.24
V831,0.39
V832,0.38
V833,0.37
V834,0.79
V835,0.12
V836,0.13
V837,0.27
V838,0.36
V839,0.33
V840,0.32
V841,0.25
V842,0.27
V843,0.18
V844,0.21
V845,0.1
V846,0.16
V847,0.34
V848,0.15
V849,0.22
V850,0.39
V851,0.18
V852,0.38
V853,0.25
V854,0.16
V855,0.36
V856,0.36
V857,0.19
V858,0.8
V859,0.84
V860,0.17
V861,0.34
V862,0.2
V863,0.26
V864,0.37
V865,0.19
V866,0.3
V867,0.34
V868,0.31
V869,0.05
V870,0.89
V871,0.23
V872,0.26
V873,0.11
V874,0.39
V875,0.09
V876,0.34
V877,0.2
V878,0.04
V879,0.37
V880,0.27
V881,0.84
V882,0.41
V883,0.34
V884,0.82
V885,0.39
V886,0.38
V887,0.38
V888,0.31
V889,0.06
V890,0.17
V891,0.37
V892,0.03
V893,0.85
V894,0.31
V895,0.04
V896,0.32
V897,0.09
V898,0.27
V899,0.32
V900,0.19
V901,0.38
V902,0.37
V903,0.39
V904,0.29
V905,0.95
V906,0.22
V907,0.4
V908,0.24
V909,0.28
V910,0.4
V911,0.13
V912,0.83
V913,0.35
V914,0.36
V915,0.31
V916,0.31
V917,0.81
V918,0.87
V919,0.21
V920,0.26
V921,0.29
V922,0.23
V923,0.18
V924,0.3
V925,0.38
V926,0.36
V927,0.36
V928,0.39
V929,0.95
V930,0.87
V931,0.4
V932,0.17
V933,0.35
V934,0.24
V935,0.29
V936,0.3
V937,0.08
V938,0.04
V939,0.36
V940,0.16
V941,0.13
V942,0.15
V943,0.42
V944,0.82
V945,0.82
V946,0.39
V947,0.38
V948,0.1
V949,0.71
V950,0.4
V951,0.09
V952,0.82
V953,0.18
V954,0.81
V955,0.33
V956,0.16
V957,0.54
V958,0.11
V959,0.37
V960,0.17
V961,0.33
V962,0.8
V963,0.31
V964,0.25
V965,0.3
V966,0.98
V967,0.36
V968,0.29
V969,0.07
V970,0.39
V971,0.37
V972,0.18
V973,0.19
V974,0.2
V975,0.25
V976,0.35
V977,0.34
V978,0.1
V979,0.11
V980,0.05
V981,0.18
V982,0.37
V983,0.34
V984,0.22
V985,0.15
V986,0.39
V987,0.29
V988,0.87
V989,0.22
V990,0.2
V991,0.11
V992,0.1
V993,0.83
V994,0.32
V995,0.24
V996,0.95
V997,0.28
V998,0.35
V999,0.23
V1000,0.41
V1001,0.17
V1002,0.32
V1003,0.35
V1004,0.35
V1005,0.37
V1006,0.25
V1007,0.34
V1008,0.4
V1009,0.28
V1010,0.33
V1011,0.08
V1012,0.29
V1013,0.29
V1014,0.37
V1015,0.4
V1016,0.4
V1017,0.31
V1018,0.39
V1019,0.36
V1020,0.34
V1021,0.15
V1022,0.35
V1023,0.38
V1024,0.33
V1025,0.38
V1026,0.14
V1027,0.31
V1028,0.41
V1029,0.3
V1030,0.33
V1031,0.99
V1032,0.36
V1033,0.07
V1034,0.08
V1035,0.4
V1036,0.4
V1037,0.25
V1038,0.79
V1039,0.35
V1040,0.48
V1041,0.24
V1042,0.34
V1043,0.08
V1044,0.36
V1045,0.32
V1046,0.34
V1047,0.17
V1048,0.27
V1049,0.11
V1050,0.19
V1051,0.11
V1052,0.12
V1053,0.31
V1054,0.22
V1055,0.11
V1056,0.32
V1057,0.81
V1058,0.1
V1059,0.4
V1060,0.26
V1061,0.21
V1062,0.81
V1063,0.34
V1064,0.23
V1065,0.8
V1066,0.5
V1067,0.39
V1068,0.01
V1069,0.21
V1070,0.82
V1071,0.21
V1072,0.22
V1073,0.37
V1074,0.25
V1075,0.36
V1076,0.38
V1077,0.18
V1078,0.14
V1079,0.15
V1080,0.3
V1081,0.14
V1082,0.39
V1083,0.4
V1084,0.3
V1085,0.88
V1086,0.33
V1087,0.03
V1088,0.38
V1089,0.37
V1090,0.14
V1091,0.17
V1092,0.29
V1093,0.35
V1094,0.4
V1095,0.04
V1096,0.3
V1097,0.39
V1098,0.39
V1099,0.26
V1100,0.19
V1101,0.36
V1102,0.37
V1103,0.36
V1104,0.29
V1105,0.16
V1106,0.37
V1107,0.35
V1108,0.4
V1109,0.38
V1110,0.07
V1111,0.4
V1112,0.19
V1113,0.24
V1114,0.27
V1115,0.31
V1116,0.25
V1117,0.31
V1118,0.2
V1119,0.84
V1120,0.28
V1121,0.37
V1122,0.4
V1123,0.35
V1124,0.33
V1125,0.39
V1126,0.36
V1127,0.4
V1128,0.39
V1129,0.8
V1130,0.34
V1131,0.19
V1132,0.39
V1133,0.37
V1134,0.2
V1135,0.86
V1136,0.26
V1137,0.18
V1138,0.08
V1139,0.19
V1140,0.37
V1141,0.4
V1142,0.07
V1143,0.1
V1144,0.38
V1145,0.09
V1146,0.11
V1147,0.35
V1148,0.29
V1149,0.39
V1150,0.15
V1151,0.14
V1152,0.33
V1153,0.04
V1154,0.06
V1155,0.38
V1156,0.39
V1157,0.36
V1158,0.33
V1159,0.25
V1160,0.07
V1161,0.39
V1162,0.31
V1163,0.02
V1164,0.31
V1165,0.31
V1166,0.24
V1167,0.79
V1168,0.38
V1169,0.03
V1170,0.17
V1171,0.16
V1172,0.25
V1173,0.23
V1174,0.02
V1175,0.4
V1176,0.76
V1177,0.79
V1178,0.82
V1179,0.38
V1180,0.14
V1181,0.18
V1182,0.36
V1183,0.37
V1184,0.86
V1185,0.07
V1186,0.17
V1187,0.4
V1188,0.4
V1189,0.37
V1190,0.13
V1191,0.21
V1192,0.23
V1193,0.29
V1194,0.35
V1195,0.2
V1196,0.31
V1197,0.87
V1198,0.39
V1199,0.24
V1200,0.25
V1201,0.35
V1202,0.15
V1203,0.4
V1204,0.2
V1205,0.06
V1206,0.36
V1207,0.24
V1208,0.15
V1209,0.39
V1210,0.36
V1211,0.12
V1212,0.09
V1213,0.32
V1214,0.23
V1215,0.85
V1216,0.37
V1217,0.08
V1218,0.37
V1219,0.21
V1220,0.36
V1221,0.28
V1222,0.18
V1223,0.27
V1224,0.31
V1225,0.38
V1226,0.32
V1227,0.19
V1228,0.28
V1229,0.8
V1230,0.24
V1231,0.3
V1232,0.37
V1233,0.37
V1234,0.15
V1235,0.11
V1236,0.36
V1237,0.1
V1238,0.34
V1239,0.27
V1240,0.22
V1241,0.05
V1242,0.4
V1243,0.81
V1244,0.19
V1245,0.37
V1246,0.2
V1247,0.19
V1248,0.25
V1249,0.81
V1250,0.33
V1251,0.3
V1252,0.34
V1253,0.23
V1254,0.38
V1255,0.29
V1256,0.04
V1257,0.34
V1258,0.23
V1259,0.32
V1260,0.84
V1261,0.85
V1262,0.21
V1263,0.31
V1264,0.04
V1265,0.39
V1266,0.39
V1267,0.38
V1268,0.36
V1269,0.09
V1270,0.24
V1271,0.33
V1272,0.27
V1273,0.23
V1274,0.32
V1275,0.37
V1276,0.21
V1277,0.07
V1278,0.82
V1279,0.07
V1280,0.36
V1281,0.32
V1282,0.32
V1283,0.17
V1284,0.26
V1285,0.33
V1286,0.34
V1287,0.08
V1288,0.38
V1289,0.33
V1290,0.79
V1291,0.4
V1292,0.37
V1293,0.17
V1294,0.41
V1295,0.4
V1296,0.82
V1297,0.13
V1298,0.2
V1299,0.09
V1300,0.12
V1301,0.32
V1302,0.25
V1303,0.39
V1304,0.09
V1305,0.27
V1306,0.35
V1307,0.81
V1308,0.29
V1309,0.16
V1310,0.04
V1311,0.38
V1312,0.23
V1313,0.33
V1314,0.36
V1315,0.35
V1316,0.37
V1317,0.07
V1318,0.3
V1319,0.05
V1320,0.32
V1321,0.33
V1322,0.34
V1323,0.35
V1324,0.37
V1325,0.36
V1326,0.96
V1327,0.4
V1328,0.4
V1329,0.18
V1330,0.09
V1331,0.32
V1332,0.33
V1333,0.24
V1334,0.4
V1335,0.33
V1336,0.38
V1337,0.12
V1338,0.35
V1339,0.21
V1340,0.37
V1341,0.11
V1342,0.01
V1343,0.26
V1344,0.04
V1345,0.13
V1346,0.4
V1347,0.3
V1348,0.31
V1349,0.2
V1350,0.17
V1351,0.36
V1352,0.24
V1353,0.1
V1354,0.35
V1355,0.1
V1356,0.3
V1357,0.28
V1358,0.2
V1359,0.04
V1360,0.19
V1361,0.25
V1362,0.81
V1363,0.2
V1364,0.31
V1365,0.1
V1366,0.26
V1367,0.83
V1368,0.35
V1369,0.73
V1370,0.3
V1371,0.14
V1372,0.25
V1373,0.38
V1374,0.29
V1375,0.39
V1376,0.27
V1377,0.13
V1378,0.01
V1379,0.32
V1380,0.27
V1381,0.9
V1382,0.03
V1383,0.37
V1384,0.32
V1385,0.83
V1386,0.37
V1387,0.33
V1388,0.34
V1389,0.84
V1390,0.17
V1391,0.22
V1392,0.13
V1393,0.31
V1394,0.36
V1395,0.34
V1396,0.31
V1397,0.32
V1398,0.25
V1399,0.33
V1400,0.35
V1401,0.35
V1402,0.26
V1403,0.36
V1404,0.29
V1405,0.37
V1406,0.29
V1407,0.82
V1408,0.16
V1409,0.39
V1410,0.39
V1411,0.15
V1412,0.01
V1413,0.27
V1414,0.28
V1415,0.23
V1416,0.39
V1417,0.33
V1418,0.39
V1419,0.16
V1420,0.2
V1421,0.36
V1422,0.35
V1423,0.35
V1424,0.32
V1425,0.3
V1426,0.23
V1427,0.29
V1428,0.39
V1429,0.36
V1430,0.4
V1431,0.29
V1432,0.26
V1433,0.3
V1434,0.19
V1435,0.2
V1436,0.37
V1437,0.35
V1438,0.2
V1439,0.11
V1440,0.05
V1441,0.11
V1442,0.36
V1443,0.11
V1444,0.31
V1445,0.12
V1446,0.16
V1447,0.16
V1448,0.83
V1449,0.23
V1450,0.87
V1451,0.18
V1452,0.09
V1453,0.4
V1454,0.81
V1455,0.4
V1456,0.13
V1457,0.25
V1458,0.27
V1459,0.29
V1460,0.2
V1461,0.07
V1462,0.13
V1463,0.36
V1464,0.26
V1465,0.14
V1466,0.35
V1467,0.4
V1468,0.4
V1469,0.36
V1470,0.29
V1471,0.39
V1472,0.39
V1473,0.38
V1474,0.23
V1475,0.32
V1476,0.23
V1477,0.4
V1478,0.31
V1479,0.38
V1480,0.11
V1481,0.35
V1482,0.93
V1483,0.08
V1484,0.03
V1485,0.19
V1486,0.04
V1487,0.28
V1488,0.22
V1489,0.31
V1490,0.31
V1491,0.08
V1492,0.3
V1493,0.27
V1494,0.31
V1495,0.02
V1496,0.4
V1497,0.15
V1498,0.25
V1499,0.07
V1500,0.4
V1501,0.82
V1502,0.06
V1503,0.33
V1504,0.17
V1505,0.29
V1506,0.1
V1507,0.05
V1508,0.38
V1509,0.33
V1510,0.27
V1511,0.26
V1512,0.15
V1513,0.34
V1514,0.37
V1515,0.02
V1516,0.27
V1517,0.82
V1518,0.14
V1519,0.89
V1520,0.18
V1521,0.33
V1522,0.38
V1523,0.36
V1524,0.2
V1525,0.1
V1526,0.27
V1527,0.31
V1528,0.31
V1529,0.36
V1530,0.34
V1531,0.37
V1532,0.39
V1533,0.19
V1534,0.23
V1535,0.32
V1536,0.36
V1537,0.35
V1538,0.26
V1539,0.2
V1540,0.15
V1541,0.18
V1542,0.96
V1543,0.79
V1544,0.14
V1545,0.34
V1546,0.32
V1547,0.12
V1548,0.26
V1549,0.33
V1550,0.25
V1551,0.14
V1552,0.32
V1553,0.27
V1554,0.13
V1555,0.34
V1556,0.39
V1557,0.38
V1558,0.23
V1559,0.28
V1560,0.16
V1561,0.33
V1562,0.37
V1563,0.79
V1564,0.09
V1565,0.33
V1566,0.37
V1567,0.22
V1568,0.82
V1569,0.12
V1570,0.84
V1571,0.81
V1572,0.38
V1573,0.04
V1574,0.36
V1575,0.11
V1576,0.35
V1577,0.82
V1578,0.83
V1579,0.03
V1580,0.8
V1581,0.79
V1582,0.39
V1583,0.32
V1584,0.35
V1585,0.39
V1586,0.05
V1587,0.37
V1588,0.37
V1589,0.22
V1590,0.1
V1591,0.4
V1592,0.04
V1593,0.39
V1594,0.37
V1595,0.38
V1596,0.86
V1597,0.39
V1598,0.4
V1599,0.18
V1600,0.73
V1601,0.28
V1602,0.86
V1603,0.25
V1604,0.18
V1605,0.18
V1606,0.14
V1607,0.2
V1608,0.39
V1609,0.24
V1610,0.5
V1611,0.38
V1612,0.1
V1613,0.31
V1614,0.39
V1615,0.36
V1616,0.19
V1617,0.22
V1618,0.19
V1619,0.4
V1620,0.05
V1621,0.41
V1622,0.28
V1623,0.06
V1624,0.29
V1625,0.36
V1626,0.2
V1627,0.39
V1628,0.19
V1629,0.26
V1630,0.3
V1631,0.19
V1632,0.16
V1633,0.39
V1634,0.28
V1635,0.13
V1636,0.23
V1637,0.21
V1638,0.21
V1639,0.33
V1640,0.33
V1641,0.38
V1642,0.83
V1643,0.36
V1644,0.2
V1645,0.37
V1646,0.32
V1647,0.18
V1648,0.24
V1649,0.29
V1650,0.16
V1651,0.4
V1652,0.18
V1653,0.19
V1654,0.09
V1655,0.42
V1656,0.34
V1657,0.92
V1658,0.38
V1659,0.3
V1660,0.82
V1661,0.29
V1662,0.06
V1663,0.31
V1664,0.31
V1665,0.31
V1666,0.19
V1667,0.36
V1668,0.89
V1669,0.35
V1670,0.22
V1671,0.17
V1672,0.85
V1673,0.97
V1674,0.28
V1675,0.33
V1676,0.04
V1677,0.22
V1678,0.23
V1679,0.19
V1680,0.4
V1681,0.32
V1682,0.1
V1683,0.37
V1684,0.34
V1685,0.13
V1686,0.38
V1687,0.14
V1688,0.23
V1689,0.24
V1690,0.37
V1691,0.31
V1692,0.39
V1693,0.22
V1694,0.92
V1695,0.4
V1696,0.32
V1697,0.29
V1698,0.04
V1699,0.4
V1700,0.29
V1701,0.38
V1702,0.77
V1703,0.27
V1704,0.29
V1705,0.04
V1706,0.26
V1707,0.4
V1708,0.4
V1709,0.2
V1710,0.98
V1711,0.36
V1712,0.09
V1713,0.35
V1714,0.29
V1715,0.29
V1716,0.31
V1717,0.24
V1718,0.28
V1719,0.05
V1720,0.32
V1721,0.34
V1722,0.27
V1723,0.05
V1724,0.3
V1725,0.25
V1726,0.29
V1727,0.3
V1728,0.35
V1729,0.27
V1730,0.16
V1731,0.19
V1732,0.79
V1733,0.8
V1734,0.25
V1735,0.26
V1736,0.8
V1737,0.35
V1738,0.05
V1739,0.31
V1740,0.19
V1741,0.25
V1742,0.35
V1743,0.25
V1744,0.31
V1745,0.67
V1746,0.32
V1747,0.4
V1748,0.35
V1749,0.29
V1750,0.31
V1751,0.13
V1752,0.36
V1753,0.32
V1754,0.79
V1755,0.19
V1756,0.89
V1757,0.3
V1758,0.34
V1759,0.34
V1760,0.3
V1761,0.29
V1762,0.24
V1763,0.88
V1764,0.36
V1765,0.2
V1766,0.36
V1767,0.07
V1768,0.38
V1769,0.14
V1770,0.04
V1771,0.08
V1772,0.31
V1773,0.18
V1774,0.23
V1775,0.28
V1776,0.36
V1777,0.38
V1778,0.37
V1779,0.37
V1780,0.82
V1781,0.09
V1782,0.32
V1783,0.4
V1784,0.07
V1785,0.39
V1786,0.39
V1787,0.36
V1788,0.33
V1789,0.38
V1790,0.39
V1791,0.32
V1792,0.28
V1793,0.24
V1794,0.28
V1795,0.81
V1796,0.33
V1797,0.31
V1798,0.79
V1799,0.79
V1800,0.28
V1801,0.32
V1802,0.34
V1803,0.29
V1804,0.35
V1805,0.29
V1806,0.37
V1807,0.23
V1808,0.3
V1809,0.05
V1810,0.14
V1811,0.37
V1812,0.06
V1813,0.79
V1814,0.38
V1815,0.24
V1816,0.4
V1817,0.31
V1818,0.37
V1819,0.28
V1820,0.08
V1821,0.35
V1822,0.3
V1823,0.25
V1824,0.33
V1825,0.11
V1826,0.32
V1827,0.98
V1828,0.37
V1829,0.25
V1830,0.23
V1831,0.36
V1832,0.05
V1833,0.12
V1834,0.34
V1835,0.35
V1836,0.1
V1837,0.39
V1838,0.29
V1839,0.88
V1840,0.33
V1841,0.4
V1842,0.03
V1843,0.39
V1844,0.13
V1845,0.4
V1846,0.22
V1847,0.12
V1848,0.23
V1849,0.3
V1850,0.37
V1851,0.28
V1852,0.3
V1853,0.26
V1854,0.21
V1855,0.27
V1856,0.32
V1857,0.21
V1858,0.4
V1859,0.21
V1860,0.36
V1861,0.3
V1862,0.39
V1863,0.33
V1864,0.28
V1865,0.13
V1866,0.16
V1867,0.31
V1868,0.33
V1869,0.4
V1870,0.3
V1871,0.26
V1872,0.21
V1873,0.11
V1874,0.38
V1875,0.1
V1876,0.4
V1877,0.35
V1878,0.23
V1879,0.4
V1880,0.32
V1881,0.37
V1882,0.36
V1883,0.38
V1884,0.08
V1885,0.36
V1886,0.33
V1887,0.33
V1888,0.13
V1889,0.33
V1890,0.29
V1891,0.26
V1892,0.34
V1893,0.2
V1894,0.79
V1895,0.35
V1896,0.37
V1897,0.08
V1898,0.32
V1899,0.16
V1900,0.07
V1901,0.28
V1902,0.36
V1903,0.23
V1904,0.25
V1905,0.37
V1906,0.28
V1907,0.32
V1908,0.38
V1909,0.4
V1910,0.18
V1911,0.26
V1912,0.21
V1913,0.21
V1914,0.38
V1915,0.34
V1916,0.4
V1917,0.34
V1918,0.04
V1919,0.35
V1920,0.33
V1921,0.36
V1922,0.39
V1923,0.41
V1924,0.24
V1925,0.38
V1926,0.31
V1927,0.35
V1928,0.23
V1929,0.38
V1930,0.5
V1931,0.3
V1932,0.3
V1933,0.79
V1934,0.08
V1935,0.02
V1936,0.41
V1937,0.33
V1938,0.27
V1939,0.26
V1940,0.39
V1941,0.36
V1942,0.29
V1943,0.38
V1944,0.32
V1945,0.26
V1946,0.19
V1947,0.06
V1948,0.22
V1949,0.28
V1950,0.29
V1951,0.34
V1952,0.98
V1953,0.39
V1954,0.07
V1955,0.26
V1956,0.14
V1957,0.27
V1958,0.03
V1959,0.26
V1960,0.32
V1961,0.28
V1962,0.34
V1963,0.37
V1964,0.82
V1965,0.16
V1966,0.22
V1967,0.31
V1968,0.4
V1969,0.3
V1970,0.35
V1971,0.38
V1972,0.82
V1973,0.27
V1974,0.78
V1975,0.22
V1976,0.4
V1977,0.84
V1978,0.38
V1979,0.4
V1980,0.33
V1981,0.34
V1982,0.19
V1983,0.37
V1984,0.33
V1985,0.18
V1986,0.8
V1987,0.4
V1988,0.37
V1989,0.15
V1990,0.39
V1991,0.35
V1992,0.16
V1993,0.06
V1994,0.25
V1995,0.29
V1996,0.24
V1997,0.05
V1998,0.28
V1999,0.61
V2000,0.22
V2001,0.32
V2002,0.4
V2003,0.37
V2004,0.28
V2005,0.17
V2006,0.07
V2007,0.79
V2008,0.19
V2009,0.27
V2010,0.36
V2011,0.32
V2012,0.39
V2013,0.37
V2014,0.16
V2015,0.39
V2016,0.08
V2017,0.08
V2018,0.16
V2019,0.3
V2020,0.28
V2021,0.52
V2022,0.3
V2023,0.34
V2024,0.02
V2025,0.08
