,CUMV_14591_Ct_hele,CUMV_14596_Ct_hele,CUMV_14601_Ct_hele,CUMV_14602_Ct_hele,CUMV_14604_Ct_hele,CUMV_14606_Ct_hele,CUMV_14611_Ct_hele,CUMV_14612_Ct_hele,CUMV_14656_Ct_hele,NA_ABTC31797_Ct_saxa,NA_ABTC60781_Ct_hele,NA_CCM0848_Ct_inor,NA_CCM1249_Ct_inor,NA_CCM1444_Ct_inor,NA_CCM1445_Ct_inor,NA_CCM1530_Ct_robu,NA_CCM1580_Ct_inor,NA_CCM1710_Ct_inor,NA_CCM4920_Ct_essi,SAMR_29707_Ct_brac,SAMR_36252_Ct_brac,SAMR_36349_Ct_brac,SAMR_44367_Ct_hele,SAMR_45480_Ct_saxa,SAMR_46119_Ct_hele,SAMR_46880_Ct_saxa,SAMR_48710_Ct_hele,SAMR_50208_Ct_saxa,UMMZ_242614_Ct_hele,UMMZ_242616_Ct_hele,UMMZ_242623_Ct_hele,UMMZ_244288_ct_inor,WAMR_094929_Ct_hele,WAMR_102423_Ct_saxa,WAMR_102771_Ct_hele,WAMR_126017_Ct_inor,WAMR_129923_Ct_hele,WAMR_131009_Ct_hele,WAMR_131018_Ct_fall,WAMR_131371_Ct_hele,WAMR_135396_Ct_hele,WAMR_140720_Ct_hele,WAMR_145567_Ct_hele,WAMR_152991_Ct_seve,WAMR_166390_Ct_hele,WAMR_166391_Ct_hele
CUMV_14591_Ct_hele,NA,0.173913043478261,0.379310344827586,0.191780821917808,0.229508196721311,0.322033898305085,0.3375,0.287878787878788,0.451612903225806,0.656716417910448,0.634146341463415,2.23684210526316,1.69090909090909,1.53703703703704,1.28333333333333,2.0625,1.74074074074074,1.31147540983607,1.72916666666667,2.07692307692308,2.45454545454545,2.25,0.676923076923077,0.555555555555556,0.643835616438356,0.65,0.486486486486486,0.675,0.735294117647059,0.481927710843373,0.325301204819277,1.68085106382979,0.579710144927536,1.24,0.466666666666667,1.28787878787879,0.90566037735849,1.30612244897959,1.5952380952381,1.375,0.825396825396825,1,0.85,1.62790697674419,0.513157894736842,0.351851851851852
CUMV_14596_Ct_hele,0.173913043478261,NA,0.015625,0.08,0.25,0.242424242424242,0.120481927710843,0.106060606060606,0.140845070422535,0.328358208955224,0.297297297297297,1.54761904761905,1.03389830508475,1.14035087719298,0.887096774193548,1.20689655172414,1.0655737704918,0.919354838709678,1.02127659574468,1,1.6,1.03333333333333,0.34375,0.238095238095238,0.22972972972973,0.266666666666667,0.242857142857143,-0.0810810810810811,0.409090909090909,0.0789473684210526,0.0641025641025641,0.634615384615385,0.26865671641791,0.509090909090909,0.125,0.865671641791045,0.26530612244898,0.462962962962963,0.565217391304348,0.58,0.349206349206349,0.4,0.246153846153846,0.673913043478261,0.205479452054795,0.0681818181818182
CUMV_14601_Ct_hele,0.379310344827586,0.015625,NA,0.101449275362319,0.307692307692308,0.473684210526316,0.306666666666667,0.241379310344828,0.433333333333333,0.654545454545454,0.666666666666667,2.59375,1.46,1.48,1.21052631578947,1.70212765957447,1.40384615384615,1.28813559322034,1.80487804878049,1.81818181818182,2.16666666666667,1.63636363636364,0.745454545454545,0.305084745762712,0.390625,0.75,0.417910447761194,0.648648648648649,0.596774193548387,0.36,0.266666666666667,1.09090909090909,0.672413793103448,1.13333333333333,0.333333333333333,1.18032786885246,0.659090909090909,0.833333333333333,1.18421052631579,0.979166666666667,0.642857142857143,0.836363636363636,0.811320754716981,1.36111111111111,0.449275362318841,0.1
CUMV_14602_Ct_hele,0.191780821917808,0.08,0.101449275362319,NA,0.112676056338028,0.114285714285714,0.141304347826087,0.216216216216216,0.233766233766234,0.386666666666667,0.358490566037736,1.44897959183673,1.2,0.984375,0.902777777777778,1.3015873015873,1.23529411764706,1.07042253521127,1.49122807017544,0.925,1.45454545454545,1.19444444444444,0.350649350649351,0.293333333333333,0.25,0.342465753424658,0.25,0.462962962962963,0.435897435897436,0.242105263157895,0.2,0.931034482758621,0.3625,0.966101694915254,0.215909090909091,0.923076923076923,0.693548387096774,0.721311475409836,1,1.10909090909091,0.685714285714286,0.742857142857143,0.652777777777778,1.28571428571429,0.264367816091954,0.142857142857143
CUMV_14604_Ct_hele,0.229508196721311,0.25,0.307692307692308,0.112676056338028,NA,0.389830508474576,0.215189873417722,0.241935483870968,0.517857142857143,0.523809523809524,0.609756097560976,2.29032258064516,1.7037037037037,1.5625,1.45454545454545,1.91666666666667,1.80769230769231,1.48275862068966,1.77083333333333,1.37931034482759,2.125,1.84,0.593220338983051,0.383333333333333,0.492063492063492,0.781818181818182,0.388059701492537,0.581395348837209,0.590909090909091,0.493150684931507,0.333333333333333,1.26666666666667,0.779661016949153,0.8125,0.309859154929577,1.30769230769231,0.745098039215686,0.897959183673469,1.17948717948718,0.934782608695652,0.758620689655172,0.842105263157895,0.693548387096774,1.16666666666667,0.428571428571429,0.470588235294118
CUMV_14606_Ct_hele,0.322033898305085,0.242424242424242,0.473684210526316,0.114285714285714,0.389830508474576,NA,0.210526315789474,0.35,0.216666666666667,0.315789473684211,0.230769230769231,2.02564102564103,1.32727272727273,1.39622641509434,1.015625,1.81632653061224,1.38888888888889,0.951612903225806,1.52173913043478,0.833333333333333,1.36363636363636,0.931034482758621,0.473684210526316,0.293103448275862,0.292307692307692,0.482142857142857,0.338235294117647,0.405405405405405,0.524590163934426,0.287671232876712,0.168831168831169,1.32558139534884,0.359375,1.10869565217391,0.323529411764706,1,0.547169811320755,0.804347826086957,1.09756097560976,1.1063829787234,0.758620689655172,0.655172413793103,0.596491228070175,1.28571428571429,0.357142857142857,0.0851063829787234
CUMV_14611_Ct_hele,0.3375,0.120481927710843,0.306666666666667,0.141304347826087,0.215189873417722,0.210526315789474,NA,0.291139240506329,0.24390243902439,0.518987341772152,0.448979591836735,1.46153846153846,1.15068493150685,1.21212121212121,1.01333333333333,1.49230769230769,1.28169014084507,1.09859154929577,0.96875,1,1.4375,1.47058823529412,0.234567901234568,0.205128205128205,0.215909090909091,0.492957746478873,0.376470588235294,0.274509803921569,0.265060240963855,0.295918367346939,0.208791208791209,0.746031746031746,0.27710843373494,0.590909090909091,0.252747252747253,0.797619047619048,0.507462686567164,0.46969696969697,0.6,0.746031746031746,0.41025641025641,0.539473684210526,0.278481012658228,0.894736842105263,0.415730337078652,0.171875
CUMV_14612_Ct_hele,0.287878787878788,0.106060606060606,0.241379310344828,0.216216216216216,0.241935483870968,0.35,0.291139240506329,NA,0.390625,0.441860465116279,0.69047619047619,2.15789473684211,1.40677966101695,1.36842105263158,1.34375,1.87755102040816,1.65454545454545,1.44262295081967,1.78,1.48275862068966,2.16666666666667,1.82758620689655,0.567567567567568,0.313253012048193,0.344827586206897,0.642857142857143,0.264367816091954,0.354166666666667,0.579710144927536,0.329411764705882,0.209876543209877,1.28571428571429,0.452380952380952,0.934426229508197,0.325842696629214,1.24691358024691,0.585714285714286,0.828571428571429,1.37777777777778,1.15,0.61038961038961,0.698630136986301,0.525,1.08695652173913,0.311111111111111,0.157894736842105
CUMV_14656_Ct_hele,0.451612903225806,0.140845070422535,0.433333333333333,0.233766233766234,0.517857142857143,0.216666666666667,0.24390243902439,0.390625,NA,0.420289855072464,0.3,1.48936170212766,1.16129032258065,1.36206896551724,1.03076923076923,1.60377358490566,1.22222222222222,1,1.48936170212766,1.32,1.85,1.38461538461538,0.5,0.467741935483871,0.352112676056338,0.709090909090909,0.347826086956522,0.4,0.558823529411765,0.432098765432099,0.192771084337349,1.32,0.382352941176471,1,0.263157894736842,0.955882352941177,0.566037735849057,0.941176470588235,1.43181818181818,0.96078431372549,0.622950819672131,0.754098360655738,0.555555555555556,1.2093023255814,0.311688311688312,0.170212765957447
NA_ABTC31797_Ct_saxa,0.656716417910448,0.328358208955224,0.654545454545454,0.386666666666667,0.523809523809524,0.315789473684211,0.518987341772152,0.441860465116279,0.420289855072464,NA,0.638297872340426,2.27777777777778,1.12698412698413,1.52,1.13333333333333,1.75,1.55555555555556,1.17741935483871,1.72340425531915,0.5625,0.916666666666667,0.742857142857143,0.329411764705882,0.294117647058824,0.195652173913043,0.131578947368421,0.393258426966292,0.468085106382979,0.465753424657534,0.247191011235955,0.394736842105263,1.18032786885246,0.406593406593407,1.16666666666667,0.319587628865979,0.807228915662651,0.52112676056338,0.728571428571428,1.26,1.16666666666667,0.609756097560976,0.828947368421053,0.534090909090909,1.56521739130435,0.382978723404255,-0.0163934426229508
NA_ABTC60781_Ct_hele,0.634146341463415,0.297297297297297,0.666666666666667,0.358490566037736,0.609756097560976,0.230769230769231,0.448979591836735,0.69047619047619,0.3,0.638297872340426,NA,1.6,1.35135135135135,1.47058823529412,0.904761904761905,1.9,1.40540540540541,0.8,1.66666666666667,1.46428571428571,2.04,1.29166666666667,0.434782608695652,0.444444444444444,0.58,0.794871794871795,0.290909090909091,0.619047619047619,0.488372093023256,0.311475409836066,0.113207547169811,2.23333333333333,0.270833333333333,1.42424242424242,0.46551724137931,0.911111111111111,0.6,0.973684210526316,1.90625,1.64705882352941,0.822222222222222,1.22857142857143,1.05,1.95833333333333,0.293103448275862,0.290909090909091
NA_CCM0848_Ct_inor,2.23684210526316,1.54761904761905,2.59375,1.44897959183673,2.29032258064516,2.02564102564103,1.46153846153846,2.15789473684211,1.48936170212766,2.27777777777778,1.6,NA,1,0.852941176470588,0.547619047619048,0.962962962962963,0.648648648648649,0.902439024390244,3.04545454545454,3.375,5.54545454545454,6.33333333333333,2.26315789473684,2.53846153846154,1.72916666666667,2,1.95238095238095,1.88,1.925,1.18181818181818,0.677966101694915,4.68181818181818,1.58536585365854,4,1.82978723404255,0.8,2.74074074074074,3.15384615384615,6,4.36363636363637,2.8125,2.17142857142857,2.5,5.14285714285714,1.76595744680851,1
NA_CCM1249_Ct_inor,1.69090909090909,1.03389830508475,1.46,1.2,1.7037037037037,1.32727272727273,1.15068493150685,1.40677966101695,1.16129032258065,1.12698412698413,1.35135135135135,1,NA,0.627450980392157,0.209677419354839,0.574468085106383,0.764705882352941,0.508196721311475,1.63636363636364,3.31818181818182,5.125,3.86363636363636,1.31666666666667,1.32307692307692,1.16438356164384,1.36842105263158,0.882352941176471,1.77142857142857,1.08196721311475,0.973684210526316,0.552631578947368,2.8780487804878,1.07575757575758,2.8,1.19718309859155,0.258064516129032,2,2.48780487804878,3.27272727272727,2.71428571428571,1.71698113207547,1.72222222222222,1.96078431372549,2.88888888888889,0.971428571428571,0.877551020408163
NA_CCM1444_Ct_inor,1.53703703703704,1.14035087719298,1.48,0.984375,1.5625,1.39622641509434,1.21212121212121,1.36842105263158,1.36206896551724,1.52,1.47058823529412,0.852941176470588,0.627450980392157,NA,0.214285714285714,0.604651162790698,0.62,0.636363636363636,1.65853658536585,3.04347826086956,4.44444444444444,4.4,1.62745098039216,1.58928571428571,1.24242424242424,1.25925925925926,1.22033898305085,1.88571428571429,1.16363636363636,0.971014492753623,0.561643835616438,2.69230769230769,1.13793103448276,2.35714285714286,1.3968253968254,0.263157894736842,2.06818181818182,2.14634146341463,3.09677419354839,2.575,1.89583333333333,1.62745098039216,1.86,3.83333333333333,1.10769230769231,0.956521739130435
NA_CCM1445_Ct_inor,1.28333333333333,0.887096774193548,1.21052631578947,0.902777777777778,1.45454545454545,1.015625,1.01333333333333,1.34375,1.03076923076923,1.13333333333333,0.904761904761905,0.547619047619048,0.209677419354839,0.214285714285714,NA,0.428571428571429,0.19672131147541,0.208955223880597,1.26086956521739,2.13793103448276,2.64,2.5,1.14516129032258,1.28787878787879,1.05633802816901,1.10169491525424,1,1.225,1.06153846153846,0.645569620253164,0.475609756097561,2.20833333333333,1,1.70588235294118,1.10666666666667,0.147058823529412,1.58,1.76470588235294,2.36585365853659,2.06382978723404,1.48275862068966,1.30645161290323,1.32258064516129,2.4390243902439,1,0.68
NA_CCM1530_Ct_robu,2.0625,1.20689655172414,1.70212765957447,1.3015873015873,1.91666666666667,1.81632653061224,1.49230769230769,1.87755102040816,1.60377358490566,1.75,1.9,0.962962962962963,0.574468085106383,0.604651162790698,0.428571428571429,NA,0.4375,0.735849056603774,1.91176470588235,2.85714285714286,4.17647058823529,4.89473684210526,1.92,2.03703703703704,1.48387096774194,1.69387755102041,1.44642857142857,1.76470588235294,1.67924528301887,1.08695652173913,0.736111111111111,3.54545454545455,1.68,3.08333333333333,1.64406779661017,0.611111111111111,2.23076923076923,2.75,4.15384615384615,3.20588235294118,2.24444444444444,1.85106382978723,2.08695652173913,3.76666666666667,1.42372881355932,1.12820512820513
NA_CCM1580_Ct_inor,1.74074074074074,1.0655737704918,1.40384615384615,1.23529411764706,1.80769230769231,1.38888888888889,1.28169014084507,1.65454545454545,1.22222222222222,1.55555555555556,1.40540540540541,0.648648648648649,0.764705882352941,0.62,0.19672131147541,0.4375,NA,0.45,1.53658536585366,2.57692307692308,3.23809523809524,3.63636363636364,1.6271186440678,1.56666666666667,1.16923076923077,1.30909090909091,1.32786885245902,1.82352941176471,1.32203389830508,0.896103896103896,0.575,2.925,1.18333333333333,2.27659574468085,1.44615384615385,0.524590163934426,1.64583333333333,2.26829268292683,2.94444444444444,2.7948717948718,1.86792452830189,1.57692307692308,1.72222222222222,3.18181818181818,1.2089552238806,0.914893617021277
NA_CCM1710_Ct_inor,1.31147540983607,0.919354838709678,1.28813559322034,1.07042253521127,1.48275862068966,0.951612903225806,1.09859154929577,1.44262295081967,1,1.17741935483871,0.8,0.902439024390244,0.508196721311475,0.636363636363636,0.208955223880597,0.735849056603774,0.45,NA,1.31818181818182,2.625,3.14285714285714,2.72,0.983606557377049,1.19047619047619,0.958333333333333,1,1.09230769230769,0.975,0.923076923076923,0.7875,0.421686746987952,2.3953488372093,0.82089552238806,2.13953488372093,1.15714285714286,0.463768115942029,1.27083333333333,1.38297872340426,2.25,2,1.28813559322034,1.08771929824561,1.31578947368421,2.48717948717949,0.985714285714286,0.911111111111111
NA_CCM4920_Ct_essi,1.72916666666667,1.02127659574468,1.80487804878049,1.49122807017544,1.77083333333333,1.52173913043478,0.96875,1.78,1.48936170212766,1.72340425531915,1.66666666666667,3.04545454545454,1.63636363636364,1.65853658536585,1.26086956521739,1.91176470588235,1.53658536585366,1.31818181818182,NA,3.5,6.36363636363636,5.4375,1.64,1.42,1.22413793103448,2,1.29032258064516,1.51515151515152,1.51923076923077,1.12121212121212,0.705882352941176,3.09090909090909,1.6734693877551,2.24324324324324,1.20634920634921,1.30769230769231,2.025,2.34285714285714,3.14285714285714,2.68571428571429,1.55102040816327,2,1.79166666666667,2.79310344827586,1.38709677419355,1.13953488372093
SAMR_29707_Ct_brac,2.07692307692308,1,1.81818181818182,0.925,1.37931034482759,0.833333333333333,1,1.48275862068966,1.32,0.5625,1.46428571428571,3.375,3.31818181818182,3.04347826086956,2.13793103448276,2.85714285714286,2.57692307692308,2.625,3.5,NA,0.25,3.90909090909091,1.1,1.25806451612903,0.810810810810811,1.86363636363636,0.918918918918919,1.16666666666667,1.44827586206897,0.744186046511628,0.560975609756098,3.70588235294118,1.15151515151515,2.28571428571429,0.761904761904762,2.0625,1.44827586206897,1.9047619047619,3.05555555555556,2.27272727272727,1.3,1.92307692307692,1.7037037037037,3.71428571428571,0.947368421052632,0.676470588235294
SAMR_36252_Ct_brac,2.45454545454545,1.6,2.16666666666667,1.45454545454545,2.125,1.36363636363636,1.4375,2.16666666666667,1.85,0.916666666666667,2.04,5.54545454545454,5.125,4.44444444444444,2.64,4.17647058823529,3.23809523809524,3.14285714285714,6.36363636363636,0.25,NA,6.66666666666667,1.57692307692308,1.37037037037037,1.1875,2.10526315789474,1.41935483870968,1.68,2,1.16666666666667,0.852941176470588,5.63636363636363,1.7037037037037,3,0.864864864864865,2.3448275862069,1.77272727272727,2.93333333333333,4,3.625,1.625,3,2.38095238095238,8,1.33333333333333,0.696969696969697
SAMR_36349_Ct_brac,2.25,1.03333333333333,1.63636363636364,1.19444444444444,1.84,0.931034482758621,1.47058823529412,1.82758620689655,1.38461538461538,0.742857142857143,1.29166666666667,6.33333333333333,3.86363636363636,4.4,2.5,4.89473684210526,3.63636363636364,2.72,5.4375,3.90909090909091,6.66666666666667,NA,1.16666666666667,1.17857142857143,1.18181818181818,1.64,1.25714285714286,1.91666666666667,1.48,0.790697674418605,0.897435897435898,5.61538461538461,1.15151515151515,4.25,0.916666666666667,2.35483870967742,1.91304347826087,3.29411764705882,5.5,3.57894736842105,2.08,3.15,2.75,5.66666666666667,1.10526315789474,0.888888888888889
SAMR_44367_Ct_hele,0.676923076923077,0.34375,0.745454545454545,0.350649350649351,0.593220338983051,0.473684210526316,0.234567901234568,0.567567567567568,0.5,0.329411764705882,0.434782608695652,2.26315789473684,1.31666666666667,1.62745098039216,1.14516129032258,1.92,1.6271186440678,0.983606557377049,1.64,1.1,1.57692307692308,1.16666666666667,NA,0.271604938271605,0.333333333333333,0.686567164179104,0.414634146341463,0.212765957446808,0.376811594202899,0.28735632183908,0.209876543209877,1.19642857142857,0.475609756097561,1.36507936507937,0.433333333333333,1.14814814814815,0.617647058823529,0.84375,1.4,1.38983050847458,0.632911392405063,0.859154929577465,0.6875,1.59090909090909,0.4,0.327272727272727
SAMR_45480_Ct_saxa,0.555555555555556,0.238095238095238,0.305084745762712,0.293333333333333,0.383333333333333,0.293103448275862,0.205128205128205,0.313253012048193,0.467741935483871,0.294117647058824,0.444444444444444,2.53846153846154,1.32307692307692,1.58928571428571,1.28787878787879,2.03703703703704,1.56666666666667,1.19047619047619,1.42,1.25806451612903,1.37037037037037,1.17857142857143,0.271604938271605,NA,0.197916666666667,0.366197183098592,0.264367816091954,0.58974358974359,0.305555555555556,0.202380952380952,0.1875,1.27868852459016,0.317073170731707,1.03174603174603,0.301075268817204,1.11764705882353,0.402777777777778,0.630769230769231,1.43478260869565,0.923076923076923,0.5375,0.802816901408451,0.6125,1.44186046511628,0.265957446808511,0.134615384615385
SAMR_46119_Ct_hele,0.643835616438356,0.22972972972973,0.390625,0.25,0.492063492063492,0.292307692307692,0.215909090909091,0.344827586206897,0.352112676056338,0.195652173913043,0.58,1.72916666666667,1.16438356164384,1.24242424242424,1.05633802816901,1.48387096774194,1.16923076923077,0.958333333333333,1.22413793103448,0.810810810810811,1.1875,1.18181818181818,0.333333333333333,0.197916666666667,NA,0.414634146341463,0.436170212765957,0.311111111111111,0.328947368421053,0.271739130434783,0.208791208791209,0.852941176470588,0.384615384615385,0.95774647887324,0.225490196078431,0.866666666666667,0.527027027027027,0.554054054054054,0.87719298245614,0.972222222222222,0.5,0.682926829268293,0.563218390804598,1.10204081632653,0.43,0.0983606557377049
SAMR_46880_Ct_saxa,0.65,0.266666666666667,0.75,0.342465753424658,0.781818181818182,0.482142857142857,0.492957746478873,0.642857142857143,0.709090909090909,0.131578947368421,0.794871794871795,2,1.36842105263158,1.25925925925926,1.10169491525424,1.69387755102041,1.30909090909091,1,2,1.86363636363636,2.10526315789474,1.64,0.686567164179104,0.366197183098592,0.414634146341463,NA,0.486111111111111,0.628571428571429,0.634920634920635,0.342105263157895,0.142857142857143,1.5,0.539473684210526,1.66,0.607594936708861,1.14285714285714,0.683333333333333,0.907407407407407,1.64102564102564,1.38888888888889,0.838235294117647,0.920634920634921,0.661971830985915,1.53846153846154,0.441558441558442,0.145833333333333
SAMR_48710_Ct_hele,0.486486486486486,0.242857142857143,0.417910447761194,0.25,0.388059701492537,0.338235294117647,0.376470588235294,0.264367816091954,0.347826086956522,0.393258426966292,0.290909090909091,1.95238095238095,0.882352941176471,1.22033898305085,1,1.44642857142857,1.32786885245902,1.09230769230769,1.29032258064516,0.918918918918919,1.41935483870968,1.25714285714286,0.414634146341463,0.264367816091954,0.436170212765957,0.486111111111111,NA,0.604166666666667,0.333333333333333,0.32258064516129,0.226190476190476,1.18032786885246,0.306818181818182,1.2258064516129,0.377777777777778,0.820224719101124,0.535211267605634,0.671428571428571,1.13207547169811,1.25396825396825,0.719512195121951,0.972972972972973,0.634146341463415,1.11764705882353,-0.478260869565217,0.112903225806452
SAMR_50208_Ct_saxa,0.675,-0.0810810810810811,0.648648648648649,0.462962962962963,0.581395348837209,0.405405405405405,0.274509803921569,0.354166666666667,0.4,0.468085106382979,0.619047619047619,1.88,1.77142857142857,1.88571428571429,1.225,1.76470588235294,1.82352941176471,0.975,1.51515151515152,1.16666666666667,1.68,1.91666666666667,0.212765957446808,0.58974358974359,0.311111111111111,0.628571428571429,0.604166666666667,NA,0.75,0.245614035087719,0.25,1.75,0.574468085106383,1.09375,0.175438596491228,1.32608695652174,0.659090909090909,0.771428571428571,1.19354838709677,1.16666666666667,0.6,0.72972972972973,0.7,1.28571428571429,0.509433962264151,0.203703703703704
UMMZ_242614_Ct_hele,0.735294117647059,0.409090909090909,0.596774193548387,0.435897435897436,0.590909090909091,0.524590163934426,0.265060240963855,0.579710144927536,0.558823529411765,0.465753424657534,0.488372093023256,1.925,1.08196721311475,1.16363636363636,1.06153846153846,1.67924528301887,1.32203389830508,0.923076923076923,1.51923076923077,1.44827586206897,2,1.48,0.376811594202899,0.305555555555556,0.328947368421053,0.634920634920635,0.333333333333333,0.75,NA,0.232558139534884,0.180722891566265,1.46808510638298,0.388888888888889,1.33333333333333,0.525641025641026,0.805555555555556,0.803571428571428,0.884615384615385,1.61538461538462,1.48,0.696969696969697,0.887096774193548,0.71875,1.6,0.36144578313253,0.365384615384615
UMMZ_242616_Ct_hele,0.481927710843373,0.0789473684210526,0.36,0.242105263157895,0.493150684931507,0.287671232876712,0.295918367346939,0.329411764705882,0.432098765432099,0.247191011235955,0.311475409836066,1.18181818181818,0.973684210526316,0.971014492753623,0.645569620253164,1.08695652173913,0.896103896103896,0.7875,1.12121212121212,0.744186046511628,1.16666666666667,0.790697674418605,0.28735632183908,0.202380952380952,0.271739130434783,0.342105263157895,0.32258064516129,0.245614035087719,0.232558139534884,NA,0.0721649484536082,1.12698412698413,0.247191011235955,0.970149253731343,0.333333333333333,0.813953488372093,0.554054054054054,0.514705882352941,1.01694915254237,0.885714285714286,0.592592592592593,0.710526315789474,0.658227848101266,1.33333333333333,0.315789473684211,0.147058823529412
UMMZ_242623_Ct_hele,0.325301204819277,0.0641025641025641,0.266666666666667,0.2,0.333333333333333,0.168831168831169,0.208791208791209,0.209876543209877,0.192771084337349,0.394736842105263,0.113207547169811,0.677966101694915,0.552631578947368,0.561643835616438,0.475609756097561,0.736111111111111,0.575,0.421686746987952,0.705882352941176,0.560975609756098,0.852941176470588,0.897435897435898,0.209876543209877,0.1875,0.208791208791209,0.142857142857143,0.226190476190476,0.25,0.180722891566265,0.0721649484536082,NA,0.636363636363636,0.231707317073171,0.550724637681159,0.218390804597701,0.432098765432099,0.277777777777778,0.285714285714286,0.688524590163934,0.723076923076923,0.333333333333333,0.285714285714286,0.341463414634146,0.725806451612903,0.164835164835165,0.103448275862069
UMMZ_244288_ct_inor,1.68085106382979,0.634615384615385,1.09090909090909,0.931034482758621,1.26666666666667,1.32558139534884,0.746031746031746,1.28571428571429,1.32,1.18032786885246,2.23333333333333,4.68181818181818,2.8780487804878,2.69230769230769,2.20833333333333,3.54545454545455,2.925,2.3953488372093,3.09090909090909,3.70588235294118,5.63636363636363,5.61538461538461,1.19642857142857,1.27868852459016,0.852941176470588,1.5,1.18032786885246,1.75,1.46808510638298,1.12698412698413,0.636363636363636,NA,1.22950819672131,1.33333333333333,0.901408450704225,1.93650793650794,1.4468085106383,1.27659574468085,0.307692307692308,1.55,0.733333333333333,1.58823529411765,0.949152542372881,1.60714285714286,1.07462686567164,1.1025641025641
WAMR_094929_Ct_hele,0.579710144927536,0.26865671641791,0.672413793103448,0.3625,0.779661016949153,0.359375,0.27710843373494,0.452380952380952,0.382352941176471,0.406593406593407,0.270833333333333,1.58536585365854,1.07575757575758,1.13793103448276,1,1.68,1.18333333333333,0.82089552238806,1.6734693877551,1.15151515151515,1.7037037037037,1.15151515151515,0.475609756097561,0.317073170731707,0.384615384615385,0.539473684210526,0.306818181818182,0.574468085106383,0.388888888888889,0.247191011235955,0.231707317073171,1.22950819672131,NA,1.12307692307692,0.40625,0.802325581395349,0.602739726027397,0.611111111111111,1.2,1.15714285714286,0.465909090909091,0.7125,0.534883720930233,1.33333333333333,0.358695652173913,0.175438596491228
WAMR_102423_Ct_saxa,1.24,0.509090909090909,1.13333333333333,0.966101694915254,0.8125,1.10869565217391,0.590909090909091,0.934426229508197,1,1.16666666666667,1.42424242424242,4,2.8,2.35714285714286,1.70588235294118,3.08333333333333,2.27659574468085,2.13953488372093,2.24324324324324,2.28571428571429,3,4.25,1.36507936507937,1.03174603174603,0.95774647887324,1.66,1.2258064516129,1.09375,1.33333333333333,0.970149253731343,0.550724637681159,1.33333333333333,1.12307692307692,NA,0.780821917808219,1.828125,0.769230769230769,1.09803921568627,1.54285714285714,0.181818181818182,0.655737704918033,0.678571428571429,0.639344262295082,0.133333333333333,1.05797101449275,1.07317073170732
WAMR_102771_Ct_hele,0.466666666666667,0.125,0.333333333333333,0.215909090909091,0.309859154929577,0.323529411764706,0.252747252747253,0.325842696629214,0.263157894736842,0.319587628865979,0.46551724137931,1.82978723404255,1.19718309859155,1.3968253968254,1.10666666666667,1.64406779661017,1.44615384615385,1.15714285714286,1.20634920634921,0.761904761904762,0.864864864864865,0.916666666666667,0.433333333333333,0.301075268817204,0.225490196078431,0.607594936708861,0.377777777777778,0.175438596491228,0.525641025641026,0.333333333333333,0.218390804597701,0.901408450704225,0.40625,0.780821917808219,NA,0.979381443298969,0.345238095238095,0.358024691358025,0.770491803278688,0.692307692307692,0.32258064516129,0.551724137931035,0.287234042553192,1.0377358490566,0.294117647058824,0.0298507462686567
WAMR_126017_Ct_inor,1.28787878787879,0.865671641791045,1.18032786885246,0.923076923076923,1.30769230769231,1,0.797619047619048,1.24691358024691,0.955882352941177,0.807228915662651,0.911111111111111,0.8,0.258064516129032,0.263157894736842,0.147058823529412,0.611111111111111,0.524590163934426,0.463768115942029,1.30769230769231,2.0625,2.3448275862069,2.35483870967742,1.14814814814815,1.11764705882353,0.866666666666667,1.14285714285714,0.820224719101124,1.32608695652174,0.805555555555556,0.813953488372093,0.432098765432099,1.93650793650794,0.802325581395349,1.828125,0.979381443298969,NA,1.55882352941176,1.57352941176471,2.44897959183673,1.96923076923077,1.35,1.4,1.50617283950617,2.30232558139535,0.966666666666667,0.660714285714286
WAMR_129923_Ct_hele,0.90566037735849,0.26530612244898,0.659090909090909,0.693548387096774,0.745098039215686,0.547169811320755,0.507462686567164,0.585714285714286,0.566037735849057,0.52112676056338,0.6,2.74074074074074,2,2.06818181818182,1.58,2.23076923076923,1.64583333333333,1.27083333333333,2.025,1.44827586206897,1.77272727272727,1.91304347826087,0.617647058823529,0.402777777777778,0.527027027027027,0.683333333333333,0.535211267605634,0.659090909090909,0.803571428571428,0.554054054054054,0.277777777777778,1.4468085106383,0.602739726027397,0.769230769230769,0.345238095238095,1.55882352941176,NA,0.213114754098361,1.54545454545455,0.754385964912281,0.208333333333333,0.253968253968254,0.25,1.2258064516129,0.4125,0.454545454545455
WAMR_131009_Ct_hele,1.30612244897959,0.462962962962963,0.833333333333333,0.721311475409836,0.897959183673469,0.804347826086957,0.46969696969697,0.828571428571429,0.941176470588235,0.728571428571428,0.973684210526316,3.15384615384615,2.48780487804878,2.14634146341463,1.76470588235294,2.75,2.26829268292683,1.38297872340426,2.34285714285714,1.9047619047619,2.93333333333333,3.29411764705882,0.84375,0.630769230769231,0.554054054054054,0.907407407407407,0.671428571428571,0.771428571428571,0.884615384615385,0.514705882352941,0.285714285714286,1.27659574468085,0.611111111111111,1.09803921568627,0.358024691358025,1.57352941176471,0.213114754098361,NA,1.46341463414634,1.05769230769231,0.343283582089552,0.333333333333333,0.208333333333333,1.41935483870968,0.597402597402597,0.565217391304348
WAMR_131018_Ct_fall,1.5952380952381,0.565217391304348,1.18421052631579,1,1.17948717948718,1.09756097560976,0.6,1.37777777777778,1.43181818181818,1.26,1.90625,6,3.27272727272727,3.09677419354839,2.36585365853659,4.15384615384615,2.94444444444444,2.25,3.14285714285714,3.05555555555556,4,5.5,1.4,1.43478260869565,0.87719298245614,1.64102564102564,1.13207547169811,1.19354838709677,1.61538461538462,1.01694915254237,0.688524590163934,0.307692307692308,1.2,1.54285714285714,0.770491803278688,2.44897959183673,1.54545454545455,1.46341463414634,NA,1.96969696969697,0.941176470588235,1.81395348837209,1.09433962264151,2.22727272727273,1.19642857142857,0.886363636363636
WAMR_131371_Ct_hele,1.375,0.58,0.979166666666667,1.10909090909091,0.934782608695652,1.1063829787234,0.746031746031746,1.15,0.96078431372549,1.16666666666667,1.64705882352941,4.36363636363637,2.71428571428571,2.575,2.06382978723404,3.20588235294118,2.7948717948718,2,2.68571428571429,2.27272727272727,3.625,3.57894736842105,1.38983050847458,0.923076923076923,0.972222222222222,1.38888888888889,1.25396825396825,1.16666666666667,1.48,0.885714285714286,0.723076923076923,1.55,1.15714285714286,0.181818181818182,0.692307692307692,1.96923076923077,0.754385964912281,1.05769230769231,1.96969696969697,NA,0.819672131147541,0.948275862068965,0.5625,0.5,1.05714285714286,0.91304347826087
WAMR_135396_Ct_hele,0.825396825396825,0.349206349206349,0.642857142857143,0.685714285714286,0.758620689655172,0.758620689655172,0.41025641025641,0.61038961038961,0.622950819672131,0.609756097560976,0.822222222222222,2.8125,1.71698113207547,1.89583333333333,1.48275862068966,2.24444444444444,1.86792452830189,1.28813559322034,1.55102040816327,1.3,1.625,2.08,0.632911392405063,0.5375,0.5,0.838235294117647,0.719512195121951,0.6,0.696969696969697,0.592592592592593,0.333333333333333,0.733333333333333,0.465909090909091,0.655737704918033,0.32258064516129,1.35,0.208333333333333,0.343283582089552,0.941176470588235,0.819672131147541,NA,0.24,0.0759493670886076,0.804878048780488,0.689655172413793,0.4
WAMR_140720_Ct_hele,1,0.4,0.836363636363636,0.742857142857143,0.842105263157895,0.655172413793103,0.539473684210526,0.698630136986301,0.754098360655738,0.828947368421053,1.22857142857143,2.17142857142857,1.72222222222222,1.62745098039216,1.30645161290323,1.85106382978723,1.57692307692308,1.08771929824561,2,1.92307692307692,3,3.15,0.859154929577465,0.802816901408451,0.682926829268293,0.920634920634921,0.972972972972973,0.72972972972973,0.887096774193548,0.710526315789474,0.285714285714286,1.58823529411765,0.7125,0.678571428571429,0.551724137931035,1.4,0.253968253968254,0.333333333333333,1.81395348837209,0.948275862068965,0.24,NA,0.25,0.878048780487805,0.935064935064935,0.895833333333333
WAMR_145567_Ct_hele,0.85,0.246153846153846,0.811320754716981,0.652777777777778,0.693548387096774,0.596491228070175,0.278481012658228,0.525,0.555555555555556,0.534090909090909,1.05,2.5,1.96078431372549,1.86,1.32258064516129,2.08695652173913,1.72222222222222,1.31578947368421,1.79166666666667,1.7037037037037,2.38095238095238,2.75,0.6875,0.6125,0.563218390804598,0.661971830985915,0.634146341463415,0.7,0.71875,0.658227848101266,0.341463414634146,0.949152542372881,0.534883720930233,0.639344262295082,0.287234042553192,1.50617283950617,0.25,0.208333333333333,1.09433962264151,0.5625,0.0759493670886076,0.25,NA,0.775,0.561797752808989,0.547169811320755
WAMR_152991_Ct_seve,1.62790697674419,0.673913043478261,1.36111111111111,1.28571428571429,1.16666666666667,1.28571428571429,0.894736842105263,1.08695652173913,1.2093023255814,1.56521739130435,1.95833333333333,5.14285714285714,2.88888888888889,3.83333333333333,2.4390243902439,3.76666666666667,3.18181818181818,2.48717948717949,2.79310344827586,3.71428571428571,8,5.66666666666667,1.59090909090909,1.44186046511628,1.10204081632653,1.53846153846154,1.11764705882353,1.28571428571429,1.6,1.33333333333333,0.725806451612903,1.60714285714286,1.33333333333333,0.133333333333333,1.0377358490566,2.30232558139535,1.2258064516129,1.41935483870968,2.22727272727273,0.5,0.804878048780488,0.878048780487805,0.775,NA,1.05660377358491,1.2
WAMR_166390_Ct_hele,0.513157894736842,0.205479452054795,0.449275362318841,0.264367816091954,0.428571428571429,0.357142857142857,0.415730337078652,0.311111111111111,0.311688311688312,0.382978723404255,0.293103448275862,1.76595744680851,0.971428571428571,1.10769230769231,1,1.42372881355932,1.2089552238806,0.985714285714286,1.38709677419355,0.947368421052632,1.33333333333333,1.10526315789474,0.4,0.265957446808511,0.43,0.441558441558442,-0.478260869565217,0.509433962264151,0.36144578313253,0.315789473684211,0.164835164835165,1.07462686567164,0.358695652173913,1.05797101449275,0.294117647058824,0.966666666666667,0.4125,0.597402597402597,1.19642857142857,1.05714285714286,0.689655172413793,0.935064935064935,0.561797752808989,1.05660377358491,NA,0.121212121212121
WAMR_166391_Ct_hele,0.351851851851852,0.0681818181818182,0.1,0.142857142857143,0.470588235294118,0.0851063829787234,0.171875,0.157894736842105,0.170212765957447,-0.0163934426229508,0.290909090909091,1,0.877551020408163,0.956521739130435,0.68,1.12820512820513,0.914893617021277,0.911111111111111,1.13953488372093,0.676470588235294,0.696969696969697,0.888888888888889,0.327272727272727,0.134615384615385,0.0983606557377049,0.145833333333333,0.112903225806452,0.203703703703704,0.365384615384615,0.147058823529412,0.103448275862069,1.1025641025641,0.175438596491228,1.07317073170732,0.0298507462686567,0.660714285714286,0.454545454545455,0.565217391304348,0.886363636363636,0.91304347826087,0.4,0.895833333333333,0.547169811320755,1.2,0.121212121212121,NA
